<?xml version="1.0"?>
<pagescount>
	<html_total>30</html_total>
	<html_done>1</html_done>
	<images>60</images>
	<script>4</script>
	<css>1</css>
	<pdf/>
	<documents/>
	<excel/>
	<powerpoint/>
	<flash/>
	<audios/>
	<videos>4</videos>
	<xml/>
	<json/>
	<txt/>
	<autocad/>
	<fonts>41</fonts>
	<scraping_reload>1</scraping_reload>
	<is_pretty_url>false</is_pretty_url>
	<is_ebn>false</is_ebn>
	<email>sathishas4u@gmail.com</email>
	<theme_name>WmdTheme604769</theme_name>
	<server_url_front_page>https://www6.waybackmachinedownloader.com/wdo/files/demo/e.cash_sathishas4u_gmail.com_yjja031nb6/</server_url_front_page>
	<no_www_url>e.cash</no_www_url>
	<hosted_domain/>
	<original_archive_url>https://e.cash/</original_archive_url>
	<final_archive_url>https://e.cash/</final_archive_url>
	<front_page_code_date/>
	<total_urls_from_api/>
	<max_reached_live>false</max_reached_live>
	<scrape_other_captures>false</scrape_other_captures>
	<total_size>21252</total_size>
</pagescount>
